,City Name,Country,Date,Latitude,Langitude,Temperature (F),Humidity (%),Cloudiness (%),Wind Speed (MPH)
0,uzhur,RU,2020-04-11 22:23:29,55.3,89.83,32.16,75,0,3.04
1,kodiak,US,2020-04-11 22:23:29,57.79,-152.41,41.0,75,90,18.34
2,fortuna,US,2020-04-11 22:21:23,40.6,-124.16,55.44,87,75,12.75
3,new norfolk,AU,2020-04-11 22:23:30,-42.78,147.06,50.58,58,40,12.75
4,punta arenas,CL,2020-04-11 22:23:30,-53.15,-70.92,46.2,65,65,5.82
5,ushuaia,AR,2020-04-11 22:23:14,-54.8,-68.3,41.0,80,40,23.04
6,atuona,PF,2020-04-11 22:23:30,-9.8,-139.03,82.8,68,64,7.47
7,faanui,PF,2020-04-11 22:23:30,-16.48,-151.75,82.6,77,56,12.66
8,vaini,TO,2020-04-11 22:18:56,-21.2,-175.2,80.6,65,40,4.7
9,hervey bay,AU,2020-04-11 22:22:27,-25.3,152.85,68.0,72,40,6.73
10,ostrovnoy,RU,2020-04-11 22:23:30,68.05,39.51,15.75,93,51,11.48
11,rikitea,PF,2020-04-11 22:19:24,-23.12,-134.97,77.04,74,78,1.34
12,rawson,AR,2020-04-11 22:23:30,-43.3,-65.1,62.74,30,0,14.14
13,arraial do cabo,BR,2020-04-11 22:23:29,-22.97,-42.03,70.83,83,75,5.82
14,kapaa,US,2020-04-11 22:20:31,22.08,-159.32,78.12,69,1,10.29
15,uvarovka,RU,2020-04-11 22:23:30,55.53,35.61,29.44,89,0,4.99
16,anadyr,RU,2020-04-11 22:23:30,64.75,177.48,5.0,77,9,11.18
17,mount gambier,AU,2020-04-11 22:19:12,-37.83,140.77,53.6,62,90,8.05
18,hasaki,JP,2020-04-11 22:23:30,35.73,140.83,45.88,93,75,8.05
19,puerto escondido,MX,2020-04-11 22:23:30,15.85,-97.07,84.2,83,40,6.93
20,castro,BR,2020-04-11 22:22:12,-24.79,-50.01,60.94,66,13,2.33
21,bredasdorp,ZA,2020-04-11 22:19:50,-34.53,20.04,70.84,49,100,18.34
22,carnarvon,AU,2020-04-11 22:21:22,-24.87,113.63,75.2,100,14,9.17
23,karratha,AU,2020-04-11 22:23:30,-20.74,116.85,81.37,50,0,8.28
24,ajdabiya,LY,2020-04-11 22:22:53,30.76,20.23,61.2,55,38,10.51
25,kulhudhuffushi,MV,2020-04-11 22:23:31,6.62,73.07,85.68,65,40,7.11
26,capinzal,BR,2020-04-11 22:20:01,-27.34,-51.61,65.35,50,20,3.51
27,puerto ayora,EC,2020-04-11 22:23:31,-0.74,-90.35,82.2,70,40,9.17
28,port hardy,CA,2020-04-11 22:23:31,50.7,-127.42,51.8,53,5,4.7
29,lebu,CL,2020-04-11 22:22:19,-37.62,-73.65,57.85,55,0,16.91
30,gallup,US,2020-04-11 22:23:31,35.53,-108.74,56.88,18,75,18.34
31,tiksi,RU,2020-04-11 22:23:31,71.69,128.87,13.08,93,37,17.74
32,barrow,US,2020-04-11 22:19:15,71.29,-156.79,15.8,78,90,12.75
33,vila franca do campo,PT,2020-04-11 22:23:31,37.72,-25.43,57.2,76,20,13.87
34,tirukkoyilur,IN,2020-04-11 22:23:31,11.95,79.2,76.91,79,0,1.86
35,hilo,US,2020-04-11 22:23:31,19.73,-155.09,75.24,62,1,8.05
36,avarua,CK,2020-04-11 22:23:31,-21.21,-159.78,82.4,88,96,4.7
37,jian,CN,2020-04-11 22:23:31,27.12,114.98,49.69,82,73,6.62
38,asau,RO,2020-04-11 22:23:31,46.43,26.4,41.92,56,59,1.12
39,tasiilaq,GL,2020-04-11 22:23:31,65.61,-37.64,28.4,46,72,13.87
40,okara,PK,2020-04-11 22:23:31,30.81,73.45,76.95,34,81,4.56
41,havre-saint-pierre,CA,2020-04-11 22:23:31,50.23,-63.6,39.2,51,20,16.11
42,waipawa,NZ,2020-04-11 22:23:31,-41.41,175.52,60.91,67,55,24.16
43,saint-georges,GD,2020-04-11 22:23:31,12.06,-61.75,84.2,70,20,17.22
44,sioux lookout,CA,2020-04-11 22:23:31,50.1,-91.92,34.81,59,75,13.87
45,minab,IR,2020-04-11 22:23:41,27.15,57.08,78.8,83,100,9.17
46,bogdanci,MK,2020-04-11 22:23:42,41.2,22.58,54.0,82,46,4.12
47,gorontalo,ID,2020-04-11 22:20:51,0.54,123.06,72.37,84,6,3.69
48,albany,US,2020-04-11 22:20:06,42.6,-73.97,44.6,31,40,17.22
49,saskylakh,RU,2020-04-11 22:23:42,71.92,114.08,0.82,90,19,14.94
50,ibra,OM,2020-04-11 22:23:42,22.69,58.53,78.15,43,23,6.62
51,taicheng,CN,2020-04-11 22:23:42,38.73,113.23,38.21,37,0,4.7
52,baker city,US,2020-04-11 22:23:42,44.77,-117.83,56.08,33,40,27.51
53,busselton,AU,2020-04-11 22:21:18,-33.65,115.33,69.94,70,96,8.14
54,kaitangata,NZ,2020-04-11 22:19:06,-46.28,169.85,56.61,62,92,8.95
55,hermanus,ZA,2020-04-11 22:23:42,-34.42,19.23,66.38,67,100,18.01
56,port alfred,ZA,2020-04-11 22:20:03,-33.59,26.89,66.99,90,77,5.23
57,cayenne,GF,2020-04-11 22:22:55,4.93,-52.33,80.6,78,20,5.82
58,yoichi,JP,2020-04-11 22:23:42,43.2,140.77,32.0,84,75,6.93
59,georgetown,MY,2020-04-11 22:23:03,5.41,100.34,81.16,88,20,3.8
60,mazagao,BR,2020-04-11 22:23:42,-0.12,-51.29,80.6,100,75,3.36
61,mataura,NZ,2020-04-11 22:19:41,-46.19,168.86,57.99,65,100,4.0
62,codrington,AU,2020-04-11 22:21:48,-38.27,141.97,53.02,71,98,11.23
63,paita,PE,2020-04-11 22:23:42,-5.09,-81.11,81.25,57,57,16.22
64,san quintin,MX,2020-04-11 22:20:26,30.48,-115.95,62.71,65,9,16.91
65,moratuwa,LK,2020-04-11 22:23:43,6.77,79.88,78.8,100,20,3.36
66,khatanga,RU,2020-04-11 22:23:43,71.97,102.5,-1.05,93,32,8.01
67,houma,US,2020-04-11 22:23:43,29.6,-90.72,74.23,64,1,12.75
68,saint george,US,2020-04-11 22:19:13,37.1,-113.58,65.79,32,1,16.11
69,mount isa,AU,2020-04-11 22:23:43,-20.73,139.5,71.6,19,7,8.05
70,faya,SA,2020-04-11 22:23:43,18.39,42.45,62.6,67,44,1.81
71,jamestown,US,2020-04-11 22:21:13,42.1,-79.24,45.68,48,1,14.99
72,sulangan,PH,2020-04-11 22:23:43,11.14,123.72,79.5,80,3,6.6
73,batagay-alyta,RU,2020-04-11 22:23:43,67.8,130.41,19.9,87,100,3.8
74,lasa,IT,2020-04-11 22:23:43,46.62,10.7,47.66,70,5,4.7
75,weligama,LK,2020-04-11 22:23:43,5.97,80.42,76.93,87,16,4.68
76,clyde river,CA,2020-04-11 22:23:43,70.47,-68.59,6.8,84,75,11.41
77,santa cruz,BO,2020-04-11 22:22:22,-17.8,-63.17,81.01,37,0,5.82
78,salalah,OM,2020-04-11 22:23:43,17.02,54.09,82.4,74,40,9.17
79,bubaque,GW,2020-04-11 22:23:43,11.28,-15.83,78.62,79,16,16.28
80,corbelia,BR,2020-04-11 22:21:29,-24.8,-53.31,67.19,44,0,1.92
81,saint-philippe,RE,2020-04-11 22:20:11,-21.36,55.77,68.13,78,33,5.82
82,port elizabeth,ZA,2020-04-11 22:23:43,-33.92,25.57,64.4,59,89,5.82
83,alyangula,AU,2020-04-11 22:23:43,-13.85,136.42,77.0,100,77,7.16
84,sitka,US,2020-04-11 22:23:43,57.05,-135.33,45.7,42,20,6.93
85,dalby,AU,2020-04-11 22:23:44,-27.18,151.27,60.8,55,0,5.82
86,ponta delgada,PT,2020-04-11 22:23:16,37.73,-25.67,57.2,76,20,13.87
87,bengkulu,ID,2020-04-11 22:22:11,-3.8,102.27,78.55,81,37,3.58
88,ilulissat,GL,2020-04-11 22:18:46,69.22,-51.1,26.6,73,100,3.36
89,aykhal,RU,2020-04-11 22:20:00,66.0,111.5,24.8,73,89,6.71
90,mahebourg,MU,2020-04-11 22:23:54,-20.41,57.7,75.2,94,75,12.75
91,kununurra,AU,2020-04-11 22:23:54,-15.77,128.73,77.0,83,40,4.7
92,balkhash,KZ,2020-04-11 22:23:54,46.84,74.98,43.97,54,6,11.97
93,necochea,AR,2020-04-11 22:18:57,-38.55,-58.74,64.0,69,85,5.99
94,langarud,IR,2020-04-11 22:23:54,37.2,50.15,50.0,93,40,1.21
95,ponta do sol,PT,2020-04-11 22:23:54,32.67,-17.1,58.59,72,75,13.87
96,tautira,PF,2020-04-11 22:23:54,-17.73,-149.15,87.8,66,100,3.36
97,springbok,ZA,2020-04-11 22:23:54,-29.66,17.89,53.11,62,49,5.46
98,myitkyina,MM,2020-04-11 22:23:54,25.38,97.4,69.08,34,0,2.75
99,nanortalik,GL,2020-04-11 22:23:54,60.14,-45.24,37.58,72,100,28.25
100,vestmannaeyjar,IS,2020-04-11 22:23:54,63.44,-20.27,43.77,90,100,11.3
101,lake city,US,2020-04-11 22:23:54,30.19,-82.64,79.18,31,1,4.7
102,najran,SA,2020-04-11 22:23:54,17.49,44.13,82.4,30,40,2.24
103,charters towers,AU,2020-04-11 22:23:54,-20.1,146.27,71.4,48,93,4.27
104,bethel,US,2020-04-11 22:23:54,41.37,-73.41,51.13,25,20,14.99
105,obihiro,JP,2020-04-11 22:23:54,42.92,143.2,29.3,92,10,1.14
106,mineral wells,US,2020-04-11 22:23:12,32.81,-98.11,65.7,82,90,11.41
107,oistins,BB,2020-04-11 22:23:54,13.07,-59.53,80.6,69,40,12.75
108,balkanabat,TM,2020-04-11 22:23:55,39.51,54.37,56.07,57,0,7.27
109,bluff,NZ,2020-04-11 22:23:55,-46.6,168.33,57.99,64,100,4.0
110,mananjary,MG,2020-04-11 22:23:55,-21.22,48.33,74.82,82,23,1.01
111,sao filipe,CV,2020-04-11 22:23:55,14.9,-24.5,75.61,73,86,12.48
112,ritchie,ZA,2020-04-11 22:23:55,-29.04,24.6,69.8,73,36,11.41
113,los llanos de aridane,ES,2020-04-11 22:23:55,28.66,-17.92,66.2,82,90,11.41
114,yellowknife,CA,2020-04-11 22:23:55,62.46,-114.35,17.76,57,40,16.11
115,molina,CL,2020-04-11 22:23:55,-35.12,-71.28,64.99,63,100,2.62
116,kaseda,JP,2020-04-11 22:23:55,31.42,130.32,52.18,87,90,3.36
117,inirida,CO,2020-04-11 22:23:55,3.87,-67.92,86.95,65,20,4.07
118,kalianget,ID,2020-04-11 22:23:55,-7.05,113.93,78.89,80,42,3.04
119,moree,AU,2020-04-11 22:23:55,-29.47,149.85,55.4,66,0,8.05
120,kavaratti,IN,2020-04-11 22:23:55,10.57,72.64,84.34,68,0,3.31
121,yanam,IN,2020-04-11 22:23:55,16.73,82.22,79.29,83,0,2.66
122,torbay,CA,2020-04-11 22:20:40,47.67,-52.73,35.42,59,75,29.97
123,airai,TL,2020-04-11 22:23:55,-8.93,125.41,60.13,72,98,1.01
124,tuktoyaktuk,CA,2020-04-11 22:23:55,69.45,-133.04,3.2,84,20,6.93
125,maceio,BR,2020-04-11 22:23:55,-9.67,-35.74,78.8,88,5,6.93
126,taperoa,BR,2020-04-11 22:23:55,-7.21,-36.83,77.61,61,54,8.7
127,baiyin,CN,2020-04-11 22:23:55,36.56,104.21,29.08,38,12,6.71
128,lisala,CD,2020-04-11 22:23:56,2.15,21.52,73.38,85,100,4.07
129,guerrero negro,MX,2020-04-11 22:22:57,27.98,-114.06,67.06,49,10,17.31
130,dikson,RU,2020-04-11 22:23:56,73.51,80.55,14.29,96,100,10.11
131,namatanai,PG,2020-04-11 22:23:56,-3.67,152.43,82.02,76,100,3.67
132,ust-ishim,RU,2020-04-11 22:23:56,57.69,71.17,38.57,91,90,3.8
133,mar del plata,AR,2020-04-11 22:23:56,-38.0,-57.56,64.02,67,37,6.93
134,dicabisagan,PH,2020-04-11 22:22:12,17.08,122.42,76.37,81,6,2.26
135,turukhansk,RU,2020-04-11 22:23:56,65.82,87.98,34.59,94,100,18.48
136,abha,SA,2020-04-11 22:23:56,18.22,42.51,62.47,67,22,1.99
137,kibakwe,TZ,2020-04-11 22:23:56,-6.72,36.37,63.93,70,96,3.94
138,batagay,RU,2020-04-11 22:23:56,67.63,134.63,27.18,94,99,6.78
139,ribeira grande,PT,2020-04-11 22:19:21,38.52,-28.7,62.6,71,0,7.74
140,luau,AO,2020-04-11 22:24:06,-10.71,22.22,65.53,70,47,4.25
141,lompoc,US,2020-04-11 22:24:06,34.64,-120.46,64.76,67,20,17.22
142,wadi maliz,TN,2020-04-11 22:24:06,36.47,8.55,55.98,82,49,3.36
143,east london,ZA,2020-04-11 22:24:06,-33.02,27.91,74.39,67,94,3.02
144,longyearbyen,SJ,2020-04-11 22:24:06,78.22,15.64,-7.6,76,20,2.24
145,chuy,UY,2020-04-11 22:24:06,-33.7,-53.46,65.95,66,33,7.0
146,san andres,CO,2020-04-11 22:21:15,12.58,-81.7,86.0,70,40,14.99
147,lakatoro,VU,2020-04-11 22:24:06,-16.1,167.42,82.4,69,40,6.93
148,la union,PE,2020-04-11 22:24:06,-5.4,-80.75,83.8,54,50,13.0
149,celestun,MX,2020-04-11 22:24:06,20.87,-90.4,87.76,51,31,10.65
150,malanje,AO,2020-04-11 22:24:06,-9.54,16.34,65.53,70,92,2.66
151,saint-andre-avellin,CA,2020-04-11 22:24:06,45.72,-75.07,45.79,30,40,14.99
152,cape town,ZA,2020-04-11 22:23:26,-33.93,18.42,63.77,88,75,21.92
153,soyo,AO,2020-04-11 22:24:07,-6.13,12.37,80.62,86,98,4.23
154,santa fe do sul,BR,2020-04-11 22:24:07,-20.21,-50.93,73.94,65,7,5.26
155,olafsvik,IS,2020-04-11 22:24:07,64.89,-23.71,37.24,79,60,28.39
156,pevek,RU,2020-04-11 22:24:07,69.7,170.31,6.39,91,62,13.24
157,bandar-e anzali,IR,2020-04-11 22:24:07,37.47,49.46,51.1,76,92,3.15
158,fez,MA,2020-04-11 22:22:21,34.04,-5.0,64.4,82,40,4.7
159,atar,MR,2020-04-11 22:23:32,20.52,-13.05,85.01,17,0,8.08
160,kavieng,PG,2020-04-11 22:24:07,-2.57,150.8,83.55,73,99,4.92
161,broome,US,2020-04-11 22:19:08,42.25,-75.83,45.12,30,1,12.75
162,andros town,BS,2020-04-11 22:24:07,24.7,-77.77,79.93,69,40,13.87
163,marystown,CA,2020-04-11 22:21:07,47.17,-55.15,33.8,89,73,21.05
164,cabo san lucas,MX,2020-04-11 22:19:26,22.89,-109.91,73.42,52,75,21.92
165,leh,IN,2020-04-11 22:24:07,34.17,77.58,32.61,18,5,1.79
166,perleberg,DE,2020-04-11 22:24:07,53.07,11.87,46.17,62,97,1.01
167,hualmay,PE,2020-04-11 22:24:07,-11.1,-77.61,77.05,66,36,9.98
168,envira,BR,2020-04-11 22:24:07,-7.3,-70.22,81.03,80,100,0.69
169,norman wells,CA,2020-04-11 22:24:07,65.28,-126.83,28.4,54,40,11.41
170,strezhevoy,RU,2020-04-11 22:24:07,60.73,77.59,39.2,97,99,6.71
171,broken hill,AU,2020-04-11 22:24:07,-31.95,141.43,48.2,66,0,8.05
172,comodoro rivadavia,AR,2020-04-11 22:20:22,-45.87,-67.5,60.8,36,0,13.87
173,te anau,NZ,2020-04-11 22:24:07,-45.42,167.72,55.45,67,56,5.06
174,severo-kurilsk,RU,2020-04-11 22:24:07,50.68,156.12,29.23,93,63,8.57
175,elat,IL,2020-04-11 22:24:07,29.56,34.95,68.0,52,0,16.11
176,saint-augustin,CA,2020-04-11 22:24:08,51.23,-58.65,32.49,96,100,5.59
177,flinders,AU,2020-04-11 22:24:08,-34.58,150.86,58.24,54,0,11.41
178,charyshskoye,RU,2020-04-11 22:24:08,51.4,83.56,34.3,70,0,2.33
179,goderich,CA,2020-04-11 22:24:08,43.75,-81.72,49.5,67,1,3.13
180,tuatapere,NZ,2020-04-11 22:24:08,-46.13,167.68,57.99,64,81,4.0
181,coquimbo,CL,2020-04-11 22:24:08,-29.95,-71.34,62.6,77,85,9.17
182,saint-francois,FR,2020-04-11 22:24:08,46.42,3.91,51.31,76,19,2.24
183,korla,CN,2020-04-11 22:24:08,41.76,86.15,60.46,41,46,3.0
184,yamada,JP,2020-04-11 22:24:08,39.47,141.95,40.69,69,20,5.77
185,hobart,AU,2020-04-11 22:20:10,-42.88,147.33,50.68,57,75,13.87
186,thompson,CA,2020-04-11 22:24:08,55.74,-97.86,24.8,79,90,11.41
187,zhezkazgan,KZ,2020-04-11 22:24:18,47.8,67.71,44.85,56,100,6.46
188,pozo colorado,PY,2020-04-11 22:24:18,-23.49,-58.8,78.71,37,0,2.48
189,kenai,US,2020-04-11 22:24:18,60.55,-151.26,36.01,50,1,11.41
190,quatre cocos,MU,2020-04-11 22:24:18,-20.21,57.76,75.83,94,75,12.75
191,presidencia roque saenz pena,AR,2020-04-11 22:24:18,-26.79,-60.44,74.48,45,0,4.52
192,lerwick,GB,2020-04-11 22:24:18,60.15,-1.15,46.4,87,100,24.16
193,acari,PE,2020-04-11 22:24:18,-15.43,-74.62,79.0,57,30,7.36
194,souillac,MU,2020-04-11 22:24:18,-20.52,57.52,75.54,94,75,12.75
195,hambantota,LK,2020-04-11 22:24:18,6.12,81.12,80.82,81,26,10.56
196,peterhead,GB,2020-04-11 22:24:18,57.51,-1.8,50.65,66,85,2.24
197,butaritari,KI,2020-04-11 22:24:18,3.07,172.79,83.98,76,95,13.35
198,fort nelson,CA,2020-04-11 22:22:25,58.81,-122.7,35.6,27,40,11.41
199,esperance,AU,2020-04-11 22:19:37,-33.87,121.9,69.8,60,98,18.34
200,denpasar,ID,2020-04-11 22:24:19,-8.65,115.22,78.8,94,20,5.82
201,machakos,KE,2020-04-11 22:24:19,-1.52,37.27,64.18,93,40,3.36
202,aklavik,CA,2020-04-11 22:24:19,68.22,-135.01,21.2,57,5,11.41
203,cedar city,US,2020-04-11 22:19:42,37.68,-113.06,62.26,27,1,5.82
204,yulara,AU,2020-04-11 22:19:29,-25.24,130.99,57.2,28,100,6.93
205,maragogi,BR,2020-04-11 22:24:19,-9.01,-35.22,81.55,75,0,8.93
206,cockburn town,TC,2020-04-11 22:19:25,21.46,-71.14,80.69,69,0,10.11
207,khandyga,RU,2020-04-11 22:24:19,62.67,135.6,25.45,97,100,5.55
208,stromness,GB,2020-04-11 22:24:19,58.97,-3.3,45.81,75,100,18.34
209,ust-nera,RU,2020-04-11 22:24:19,64.57,143.2,17.33,87,65,4.5
210,coihaique,CL,2020-04-11 22:24:19,-45.58,-72.07,48.2,57,40,8.59
211,north bend,US,2020-04-11 22:22:47,43.41,-124.22,55.47,71,1,16.11
212,panubigan,PH,2020-04-11 22:24:19,7.43,123.35,78.91,69,34,5.1
213,sayat,TM,2020-04-11 22:24:19,38.78,63.88,60.8,100,90,9.17
214,kidal,ML,2020-04-11 22:24:19,18.44,1.41,90.77,16,19,9.22
215,tucupita,VE,2020-04-11 22:24:19,9.06,-62.05,92.7,37,36,9.57
216,caravelas,BR,2020-04-11 22:19:34,-17.71,-39.25,79.21,85,62,11.05
217,chokurdakh,RU,2020-04-11 22:24:19,70.63,147.92,27.21,98,99,13.85
218,ballater,GB,2020-04-11 22:24:19,57.05,-3.04,50.61,66,100,2.24
219,ascension,US,2020-04-11 22:19:42,30.22,-90.9,77.14,54,1,8.05
220,tigil,RU,2020-04-11 22:24:19,57.8,158.67,16.12,90,0,3.18
221,ledec,CZ,2020-04-11 22:24:19,49.97,15.59,43.52,55,41,2.24
222,zomin,UZ,2020-04-11 22:24:20,39.96,68.4,55.47,58,100,4.59
223,xocali,AZ,2020-04-11 22:24:20,39.91,46.79,46.24,61,88,1.5
224,bambous virieux,MU,2020-04-11 22:19:33,-20.34,57.76,75.58,94,75,12.75
225,sibolga,ID,2020-04-11 22:21:04,1.74,98.78,78.39,76,94,2.37
226,gushikawa,JP,2020-04-11 22:24:20,26.35,127.87,68.52,88,90,10.29
227,provideniya,RU,2020-04-11 22:22:45,64.38,-173.3,31.89,94,100,4.63
228,aragarcas,BR,2020-04-11 22:24:20,-15.9,-52.25,80.31,70,18,1.21
229,hofn,IS,2020-04-11 22:20:44,64.25,-15.21,39.2,55,20,21.92
230,goundam,ML,2020-04-11 22:24:20,16.41,-3.67,88.18,16,42,2.91
231,qaanaaq,GL,2020-04-11 22:21:14,77.48,-69.36,14.05,75,91,2.35
232,komsomolskiy,UZ,2020-04-11 22:24:30,40.43,71.72,53.6,76,90,6.93
233,sao joao batista,BR,2020-04-11 22:24:30,-27.28,-48.85,67.53,64,40,8.05
234,beringovskiy,RU,2020-04-11 22:24:30,63.05,179.32,11.26,94,98,10.49
235,thinadhoo,MV,2020-04-11 22:24:30,0.53,72.93,84.15,61,0,3.91
236,nome,US,2020-04-11 22:24:30,64.5,-165.41,28.4,92,90,11.41
237,adrar,MR,2020-04-11 22:24:30,20.5,-10.07,85.59,12,0,10.56
238,kissidougou,GN,2020-04-11 22:24:30,9.18,-10.1,76.32,67,32,4.79
239,hoopstad,ZA,2020-04-11 22:24:30,-27.83,25.91,66.78,34,9,6.76
240,kotlas,RU,2020-04-11 22:24:30,61.26,46.66,25.48,95,100,3.11
241,ginir,ET,2020-04-11 22:24:30,7.13,40.7,61.66,52,34,2.77
242,iquitos,PE,2020-04-11 22:21:11,-3.75,-73.25,84.2,74,75,9.17
243,mujiayingzi,CN,2020-04-11 22:24:30,42.12,118.78,40.48,42,0,6.58
244,marsa matruh,EG,2020-04-11 22:24:30,31.35,27.25,60.67,73,0,5.88
245,oume,JP,2020-04-11 22:24:31,35.78,139.24,46.65,87,90,8.05
246,bud,US,2020-04-11 22:24:31,39.45,-86.18,62.06,25,1,11.41
247,svetlaya,RU,2020-04-11 22:24:31,46.54,138.33,31.33,90,9,6.58
248,shimoda,JP,2020-04-11 22:24:31,34.67,138.95,46.87,90,100,1.99
249,sandwick,GB,2020-04-11 22:24:31,60.0,-1.25,46.4,87,100,24.16
250,upernavik,GL,2020-04-11 22:24:31,72.79,-56.15,20.88,89,100,0.98
251,punta alta,AR,2020-04-11 22:24:04,-38.88,-62.07,71.4,49,95,6.46
252,grand-santi,GF,2020-04-11 22:24:31,4.25,-54.38,84.04,63,58,4.25
253,talnakh,RU,2020-04-11 22:24:31,69.49,88.4,35.6,80,75,33.55
254,krasnoselkup,RU,2020-04-11 22:21:33,65.7,82.47,35.76,97,100,20.56
255,merauke,ID,2020-04-11 22:24:31,-8.47,140.33,77.41,89,73,7.54
256,parabel,RU,2020-04-11 22:24:31,58.7,81.48,30.43,98,3,5.82
257,bar harbor,US,2020-04-11 22:24:31,44.39,-68.2,41.09,44,75,12.75
258,bathsheba,BB,2020-04-11 22:24:31,13.22,-59.52,80.6,69,40,12.75
259,bucerias,MX,2020-04-11 22:24:31,20.75,-105.33,80.31,61,75,11.41
260,wanaka,NZ,2020-04-11 22:24:31,-44.7,169.15,52.97,63,95,7.49
261,rio pardo,BR,2020-04-11 22:24:31,-29.99,-52.38,66.24,65,30,1.74
262,nhulunbuy,AU,2020-04-11 22:24:31,-12.23,136.77,82.04,80,42,10.2
263,det udom,TH,2020-04-11 22:24:31,14.91,105.08,78.89,83,40,3.36
264,half moon bay,US,2020-04-11 22:24:05,37.46,-122.43,60.3,87,90,5.82
265,naze,JP,2020-04-11 22:21:43,28.37,129.48,66.2,93,75,9.17
266,bonthe,SL,2020-04-11 22:24:32,7.53,-12.51,82.65,75,89,8.08
267,antsohihy,MG,2020-04-11 22:24:32,-14.88,47.99,76.64,73,0,8.37
268,bilibino,RU,2020-04-11 22:24:32,68.05,166.44,10.0,90,92,1.25
269,panaba,MX,2020-04-11 22:24:32,21.28,-88.27,100.9,21,0,11.56
270,tobermory,CA,2020-04-11 22:24:32,45.25,-81.67,42.01,60,0,5.99
271,kruisfontein,ZA,2020-04-11 22:19:54,-34.0,24.73,62.08,54,89,2.26
272,clearlake,US,2020-04-11 22:24:32,38.96,-122.63,61.52,82,90,10.29
273,oberwart,AT,2020-04-11 22:24:32,47.29,16.21,48.11,62,45,2.24
274,samana,DO,2020-04-11 22:24:32,19.21,-69.34,84.2,79,20,9.17
275,tamandare,BR,2020-04-11 22:24:32,-8.76,-35.1,82.18,74,1,8.77
276,abu zabad,SD,2020-04-11 22:24:32,12.35,29.25,79.77,13,9,14.79
277,kungurtug,RU,2020-04-11 22:21:05,50.6,97.52,37.26,55,99,0.22
278,dnestrovsc,MD,2020-04-11 22:24:32,46.62,29.91,39.2,51,4,4.79
279,longhua,CN,2020-04-11 22:24:42,23.61,114.19,57.38,82,47,4.59
280,jorochito,BO,2020-04-11 22:24:42,-18.05,-63.43,80.74,37,0,5.82
281,balaipungut,ID,2020-04-11 22:24:42,1.05,101.28,78.8,94,20,1.92
282,fairbanks,US,2020-04-11 22:24:42,64.84,-147.72,42.8,35,1,4.7
283,ruidoso,US,2020-04-11 22:19:45,33.33,-105.67,59.4,9,1,26.4
284,khilok,RU,2020-04-11 22:24:42,51.37,110.47,36.91,49,0,2.73
285,olden,NO,2020-04-11 22:24:42,61.84,6.81,41.0,73,100,8.99
286,port lincoln,AU,2020-04-11 22:19:53,-34.73,135.87,56.75,64,81,7.05
287,port-gentil,GA,2020-04-11 22:22:34,-0.72,8.78,78.13,87,100,11.99
288,svetlogorsk,BY,2020-04-11 22:20:16,52.63,29.73,35.01,73,0,5.23
289,palmer,US,2020-04-11 22:24:43,42.16,-72.33,46.27,31,40,21.92
290,rocha,UY,2020-04-11 22:24:43,-34.48,-54.33,65.37,73,73,6.08
291,cabedelo,BR,2020-04-11 22:20:45,-6.98,-34.83,82.4,78,27,8.05
292,antalaha,MG,2020-04-11 22:24:43,-14.9,50.28,76.77,83,17,11.88
293,patacamaya,BO,2020-04-11 22:24:43,-17.23,-67.92,60.75,7,0,9.33
294,seymchan,RU,2020-04-11 22:24:43,62.88,152.43,22.37,93,91,0.92
295,cherskiy,RU,2020-04-11 22:24:43,68.75,161.3,13.78,96,100,12.44
296,nikolskoye,RU,2020-04-11 22:24:43,59.7,30.79,27.72,92,5,3.04
297,asosa,ET,2020-04-11 22:24:43,10.07,34.53,72.54,40,64,1.3
298,virden,US,2020-04-11 22:24:43,39.5,-89.77,55.47,54,40,21.92
299,mansehra,PK,2020-04-11 22:24:43,34.33,73.2,60.93,33,50,6.24
300,makakilo city,US,2020-04-11 22:24:43,21.35,-158.09,80.91,69,20,8.05
301,turbat,PK,2020-04-11 22:24:43,26.0,63.04,81.05,44,93,1.81
302,tres arroyos,AR,2020-04-11 22:24:43,-38.37,-60.28,69.28,44,95,6.76
303,ahipara,NZ,2020-04-11 22:24:43,-35.17,173.17,65.52,77,90,14.65
304,zabol,AF,2020-04-11 22:24:43,32.25,67.25,57.09,37,67,4.09
305,murgab,TM,2020-04-11 22:24:43,37.5,61.97,59.0,87,75,9.17
306,doka,SD,2020-04-11 22:24:43,13.52,35.77,83.97,20,11,11.74
307,mackay,AU,2020-04-11 22:24:43,-21.15,149.2,77.0,83,100,5.82
308,bahia blanca,AR,2020-04-11 22:24:44,-38.72,-62.27,72.27,45,94,5.03
309,sorland,NO,2020-04-11 22:24:44,67.67,12.69,35.38,78,100,12.19
310,khonsa,IN,2020-04-11 22:24:44,27.02,95.57,66.07,33,10,3.58
311,farmington,US,2020-04-11 22:24:44,36.73,-108.22,64.35,10,1,16.11
312,hay river,CA,2020-04-11 22:24:44,60.82,-115.8,19.4,57,40,9.17
313,touros,BR,2020-04-11 22:24:44,-5.2,-35.46,80.6,88,20,5.82
314,albanel,CA,2020-04-11 22:21:11,48.88,-72.45,35.71,47,90,20.8
315,montepuez,MZ,2020-04-11 22:24:44,-13.13,39.0,68.29,85,80,6.51
316,yeppoon,AU,2020-04-11 22:24:44,-23.13,150.73,78.8,74,40,3.62
317,talcahuano,CL,2020-04-11 22:24:44,-36.72,-73.12,62.6,55,0,13.87
318,listowel,IE,2020-04-11 22:24:44,52.45,-9.48,46.38,93,90,6.93
319,baruun-urt,MN,2020-04-11 22:24:44,46.68,113.28,38.16,37,0,5.95
320,sechura,PE,2020-04-11 22:24:44,-5.56,-80.82,80.06,62,36,12.86
321,okhotsk,RU,2020-04-11 22:24:44,59.38,143.3,25.39,94,35,0.58
322,marsh harbour,BS,2020-04-11 22:24:44,26.54,-77.06,74.23,76,10,15.21
323,port pirie,AU,2020-04-11 22:24:44,-33.18,138.02,55.4,71,0,11.41
324,mossendjo,CG,2020-04-11 22:24:44,-2.95,12.73,71.31,86,100,2.48
325,kota bahru,MY,2020-04-11 22:24:54,6.13,102.24,81.32,88,20,4.7
326,rundu,NA,2020-04-11 22:24:54,-17.93,19.77,69.8,77,91,3.36
327,mao,ES,2020-04-11 22:24:36,39.89,4.27,55.4,82,4,8.05
328,leningradskiy,RU,2020-04-11 22:24:54,69.38,178.42,12.81,87,94,3.98
329,zanjan,IR,2020-04-11 22:24:54,36.67,48.48,42.87,39,95,5.41
330,asahikawa,JP,2020-04-11 22:24:54,43.77,142.37,26.6,79,20,1.12
331,geraldton,AU,2020-04-11 22:24:55,-28.77,114.6,65.46,100,90,3.36
332,arawa,PG,2020-04-11 22:24:55,-6.21,155.54,81.01,77,92,2.35
333,cap malheureux,MU,2020-04-11 22:24:55,-19.98,57.61,76.32,94,75,12.75
334,novobirilyussy,RU,2020-04-11 22:24:55,56.95,90.67,30.49,93,0,4.21
335,lagoa,PT,2020-04-11 22:22:25,39.05,-27.98,61.66,75,0,10.47
336,alofi,NU,2020-04-11 22:24:55,-19.06,-169.92,84.2,62,97,10.29
337,kiunga,PG,2020-04-11 22:24:55,-6.12,141.29,73.89,97,96,1.39
338,vao,NC,2020-04-11 22:24:55,-22.67,167.48,76.19,74,27,15.46
339,port augusta,AU,2020-04-11 22:24:55,-32.5,137.77,55.4,71,0,11.41
340,gigmoto,PH,2020-04-11 22:24:55,13.78,124.39,80.92,75,66,4.18
341,jaen,ES,2020-04-11 22:24:55,38.0,-3.5,61.0,73,100,1.99
342,katima mulilo,NA,2020-04-11 22:24:55,-17.5,24.27,66.2,88,100,4.03
343,zeya,RU,2020-04-11 22:24:55,53.75,127.27,33.19,83,0,4.16
344,moses lake,US,2020-04-11 22:24:55,47.13,-119.28,58.66,14,1,21.92
345,dali,CN,2020-04-11 22:24:55,25.7,100.18,47.32,28,27,2.21
346,hithadhoo,MV,2020-04-11 22:22:24,-0.6,73.08,84.56,65,0,6.38
347,muli,MV,2020-04-11 22:24:55,2.92,73.57,85.17,62,7,5.73
348,namibe,AO,2020-04-11 22:22:35,-15.2,12.15,77.59,61,0,3.62
349,barstow,US,2020-04-11 22:24:55,34.9,-117.02,65.89,37,1,16.11
350,palembang,ID,2020-04-11 22:24:55,-2.92,104.75,74.86,92,100,1.61
351,bajil,YE,2020-04-11 22:24:55,15.06,43.29,81.63,69,4,5.55
352,ellisras,ZA,2020-04-11 22:24:55,-23.66,27.74,66.16,39,0,2.1
353,petropavlovsk-kamchatskiy,RU,2020-04-11 22:24:55,53.05,158.65,32.0,93,70,2.24
354,nichinan,JP,2020-04-11 22:24:55,31.6,131.37,52.84,87,75,5.82
355,voh,NC,2020-04-11 22:21:34,-20.97,164.7,75.97,72,70,5.03
356,atakpame,TG,2020-04-11 22:24:55,7.53,1.13,79.47,68,97,5.1
357,saryg-sep,RU,2020-04-11 22:24:56,51.5,95.6,34.3,67,92,1.83
358,pangnirtung,CA,2020-04-11 22:24:56,66.15,-65.71,26.82,89,100,3.42
359,saint anthony,US,2020-04-11 22:24:04,45.02,-93.22,59.13,21,1,4.7
360,ola,RU,2020-04-11 22:24:56,59.58,151.28,16.9,91,94,5.61
361,evensk,RU,2020-04-11 22:24:56,61.95,159.23,8.92,89,100,4.0
362,cotonou,BJ,2020-04-11 22:24:56,6.37,2.42,86.0,70,40,8.05
363,sogne,NO,2020-04-11 22:24:56,58.08,7.82,44.31,100,99,5.82
364,riyadh,SA,2020-04-11 22:22:26,24.69,46.72,75.2,27,75,6.93
365,ulcinj,ME,2020-04-11 22:24:56,41.93,19.22,61.83,58,0,5.82
366,luderitz,NA,2020-04-11 22:20:54,-26.65,15.16,57.2,93,0,1.12
367,kalmunai,LK,2020-04-11 22:24:56,7.42,81.82,81.41,77,1,4.36
368,katsuura,JP,2020-04-11 22:24:56,35.13,140.3,48.22,93,75,10.29
369,cidreira,BR,2020-04-11 22:24:56,-30.18,-50.21,67.53,67,4,7.14
370,kahului,US,2020-04-11 22:24:56,20.89,-156.47,77.83,61,40,9.17
371,mokhsogollokh,RU,2020-04-11 22:24:56,61.47,128.92,31.03,94,96,4.16
372,havre,FR,2020-04-11 22:25:06,49.58,0.33,56.52,55,30,1.7
373,ketchikan,US,2020-04-11 22:25:06,55.34,-131.65,48.2,42,1,14.99
374,karpathos,GR,2020-04-11 22:25:06,35.51,27.21,59.0,87,0,10.29
375,savannah bight,HN,2020-04-11 22:25:06,16.45,-85.85,82.02,80,3,28.59
376,santa isabel,BR,2020-04-11 22:25:06,-23.32,-46.22,65.37,77,40,5.82
377,awjilah,LY,2020-04-11 22:23:09,29.11,21.29,63.28,36,23,9.24
378,kem,RU,2020-04-11 22:21:05,64.96,34.58,27.0,92,21,6.17
379,sembakung,ID,2020-04-11 22:25:06,3.82,117.25,73.54,96,63,3.02
380,santiago del estero,AR,2020-04-11 22:25:06,-27.8,-64.26,77.9,42,0,9.19
381,sola,VU,2020-04-11 22:25:07,-13.88,167.55,84.2,74,75,12.41
382,betsiamites,CA,2020-04-11 22:25:07,48.94,-68.65,41.95,28,1,10.29
383,sangar,RU,2020-04-11 22:25:07,63.92,127.47,28.42,98,97,1.16
384,willowmore,ZA,2020-04-11 22:25:07,-33.29,23.49,66.79,24,100,4.12
385,progreso,MX,2020-04-11 22:24:18,21.28,-89.67,90.36,39,5,13.87
386,arvika,SE,2020-04-11 22:25:07,59.66,12.59,40.42,100,100,11.41
387,raigarh,IN,2020-04-11 22:25:07,21.9,83.4,79.97,20,0,0.4
388,beaupre,CA,2020-04-11 22:25:07,47.04,-70.9,39.33,48,75,10.29
389,pisco,PE,2020-04-11 22:25:07,-13.7,-76.22,73.49,30,0,6.93
390,phan thiet,VN,2020-04-11 22:25:07,10.93,108.1,78.21,83,61,4.16
391,alikovo,RU,2020-04-11 22:25:07,55.74,46.75,32.0,91,90,11.18
392,takoradi,GH,2020-04-11 22:25:07,4.88,-1.76,81.09,85,75,5.46
393,tura,IN,2020-04-11 22:25:07,25.52,90.22,72.18,32,0,4.45
394,menongue,AO,2020-04-11 22:25:07,-14.66,17.69,63.03,64,68,3.67
395,bilma,NE,2020-04-11 22:22:26,18.69,12.92,81.48,14,100,5.97
396,puerto leguizamo,CO,2020-04-11 22:25:08,-0.19,-74.78,85.28,69,53,0.83
397,nyurba,RU,2020-04-11 22:25:08,63.28,118.33,29.19,96,98,7.99
398,solton,RU,2020-04-11 22:21:06,52.84,86.48,30.63,90,0,2.42
399,dukat,RU,2020-04-11 22:25:08,62.55,155.55,10.06,87,100,0.83
400,carauari,BR,2020-04-11 22:25:08,-4.88,-66.9,83.91,87,73,1.61
401,paratinga,BR,2020-04-11 22:25:08,-12.69,-43.18,76.03,76,90,1.74
402,aksu,CN,2020-04-11 22:22:04,41.12,80.26,57.85,20,99,2.48
403,gunjur,GM,2020-04-11 22:25:08,13.2,-16.73,73.4,88,1,13.87
404,shetpe,KZ,2020-04-11 22:25:08,44.17,52.12,44.22,62,0,9.1
405,dongsheng,CN,2020-04-11 22:25:08,39.82,109.98,34.84,36,0,3.58
406,poum,NC,2020-04-11 22:25:08,-20.23,164.02,79.09,71,50,11.65
407,vieste,IT,2020-04-11 22:25:08,41.88,16.18,52.72,93,5,5.82
408,san patricio,MX,2020-04-11 22:24:21,19.22,-104.7,86.0,74,40,23.04
409,praia,CV,2020-04-11 22:25:08,14.92,-23.51,77.0,61,70,9.17
410,vanimo,PG,2020-04-11 22:21:48,-2.67,141.3,79.43,85,41,2.82
411,vanavara,RU,2020-04-11 22:25:08,60.34,102.28,25.45,95,0,3.31
412,dossor,KZ,2020-04-11 22:25:09,47.53,52.98,49.03,50,0,7.31
413,buin,CL,2020-04-11 22:25:09,-33.73,-70.75,66.24,59,90,3.36
414,laguna,US,2020-04-11 22:25:09,38.42,-121.42,66.51,63,1,12.75
415,mantua,IT,2020-04-11 22:20:22,45.17,10.78,57.9,50,0,5.82
416,san lorenzo,PY,2020-04-11 22:25:19,-25.33,-57.53,75.2,38,0,5.82
417,ishigaki,JP,2020-04-11 22:25:19,24.34,124.16,64.4,93,75,16.11
418,craig,US,2020-04-11 22:25:19,40.52,-107.55,56.53,20,1,20.8
419,havoysund,NO,2020-04-11 22:21:48,71.0,24.66,28.4,86,65,8.05
420,gamba,GA,2020-04-11 22:25:19,-2.65,10.0,77.65,87,100,5.21
421,totma,RU,2020-04-11 22:25:19,59.97,42.76,25.56,92,19,4.12
422,porto santo,PT,2020-04-11 22:25:19,33.07,-16.34,61.32,72,40,11.41
423,ternate,ID,2020-04-11 22:25:19,0.8,127.4,78.85,82,2,5.06
424,araouane,ML,2020-04-11 22:24:37,18.9,-3.53,88.83,10,0,5.86
425,canavieiras,BR,2020-04-11 22:25:19,-15.68,-38.95,77.22,91,100,3.74
426,sabang,ID,2020-04-11 22:25:19,5.89,95.32,82.96,76,37,6.87
427,freeport,US,2020-04-11 22:22:51,40.66,-73.58,53.55,24,1,14.99
428,stornoway,GB,2020-04-11 22:25:19,58.21,-6.39,43.3,87,100,5.82
429,ust-kut,RU,2020-04-11 22:25:19,56.79,105.77,28.83,93,100,3.65
430,palmares do sul,BR,2020-04-11 22:25:19,-30.26,-50.51,65.28,70,8,5.44
431,tsaratanana,MG,2020-04-11 22:25:19,-16.78,47.65,70.84,68,2,8.75
432,kokopo,PG,2020-04-11 22:25:19,-4.35,152.26,80.49,79,97,6.76
433,rumonge,BI,2020-04-11 22:25:20,-3.97,29.44,70.95,62,64,5.12
434,suoyarvi,RU,2020-04-11 22:25:20,62.08,32.35,25.99,94,29,3.06
435,monkey bay,MW,2020-04-11 22:25:20,-14.07,34.92,75.63,64,100,16.24
436,maralal,KE,2020-04-11 22:24:31,1.1,36.7,62.98,49,36,7.81
437,manali,IN,2020-04-11 22:25:20,13.17,80.27,81.9,88,40,3.36
438,yazykovo,RU,2020-04-11 22:25:20,55.22,56.14,36.97,84,96,6.76
439,mayumba,GA,2020-04-11 22:25:20,-3.43,10.66,78.85,85,98,10.18
440,kamaishi,JP,2020-04-11 22:25:20,39.27,141.88,42.12,66,10,5.84
441,emerald,AU,2020-04-11 22:25:20,-23.53,148.17,73.4,38,0,8.05
442,coahuayana,MX,2020-04-11 22:25:20,18.73,-103.68,86.0,48,5,11.41
443,halifax,CA,2020-04-11 22:25:20,44.65,-63.57,41.05,60,90,16.11
444,chisec,GT,2020-04-11 22:25:20,15.82,-90.28,98.02,27,57,2.15
445,przhevalskoye,RU,2020-04-11 22:25:20,55.51,31.85,31.39,85,1,4.81
446,coalinga,US,2020-04-11 22:25:20,36.14,-120.36,69.58,46,75,5.82
447,ekhabi,RU,2020-04-11 22:25:20,53.51,142.97,27.64,96,51,12.77
448,baculin,PH,2020-04-11 22:25:20,7.45,126.58,75.63,77,27,4.21
449,makaryev,RU,2020-04-11 22:25:20,57.88,43.81,30.63,93,100,8.88
450,beyneu,KZ,2020-04-11 22:25:20,45.32,55.2,50.92,48,39,4.32
451,tanabe,JP,2020-04-11 22:25:20,33.73,135.37,51.01,70,100,1.99
452,chegdomyn,RU,2020-04-11 22:25:20,51.12,133.02,30.72,86,0,0.83
453,pinan,SE,2020-04-11 22:25:21,58.68,11.65,42.76,93,100,12.75
454,flin flon,CA,2020-04-11 22:25:21,54.77,-101.86,21.2,44,90,17.22
455,kunming,CN,2020-04-11 22:22:04,25.04,102.72,57.27,87,40,8.95
456,terney,RU,2020-04-11 22:25:21,45.05,136.61,28.67,91,0,6.71
457,tabuk,PH,2020-04-11 22:25:21,17.42,121.44,71.67,84,10,0.96
458,sturgeon falls,CA,2020-04-11 22:25:21,46.36,-79.93,43.14,41,75,19.46
459,hope mills,US,2020-04-11 22:24:14,34.97,-78.95,66.52,24,1,10.29
460,sabha,LY,2020-04-11 22:25:21,27.04,14.43,72.25,20,0,12.28
461,sosnovo-ozerskoye,RU,2020-04-11 22:25:21,52.52,111.54,37.06,45,0,3.65
462,dunedin,NZ,2020-04-11 22:25:21,-45.87,170.5,54.9,89,100,9.15
463,victoria,HK,2020-04-11 22:25:02,22.29,114.16,64.26,68,20,18.34
464,klaksvik,FO,2020-04-11 22:21:02,62.23,-6.59,42.8,100,100,20.8
465,klaeng,TH,2020-04-11 22:25:21,12.78,101.65,82.0,94,73,5.7
466,sigli,ID,2020-04-11 22:25:31,5.38,95.96,81.46,77,68,4.72
467,moyale,KE,2020-04-11 22:25:31,3.52,39.06,72.27,52,31,6.04
468,hobyo,SO,2020-04-11 22:25:31,5.35,48.53,83.07,70,0,14.12
469,umm lajj,SA,2020-04-11 22:25:31,25.02,37.27,69.55,51,1,7.45
470,vardo,NO,2020-04-11 22:25:31,70.37,31.11,27.61,89,61,4.99
471,shilka,RU,2020-04-11 22:25:31,51.85,116.03,41.92,42,0,3.22
472,birjand,IR,2020-04-11 22:25:31,32.87,59.22,60.8,67,90,9.17
473,gazli,UZ,2020-04-11 22:25:31,40.13,63.45,66.0,64,100,7.78
474,wamba,NG,2020-04-11 22:25:31,8.93,8.6,78.94,40,77,0.6
475,bojnurd,IR,2020-04-11 22:25:31,37.47,57.33,48.2,100,90,4.7
476,byron bay,AU,2020-04-11 22:22:42,-28.65,153.62,64.09,52,0,11.41
477,kodinsk,RU,2020-04-11 22:25:31,58.69,99.18,27.64,95,0,1.68
478,concordia,AR,2020-04-11 22:25:32,-31.39,-58.02,71.82,56,0,5.82
479,lorengau,PG,2020-04-11 22:25:32,-2.02,147.27,82.27,75,58,1.25
480,honiara,SB,2020-04-11 22:25:32,-9.43,159.95,84.2,79,75,4.7
481,gilgit,PK,2020-04-11 22:25:32,35.92,74.31,52.97,23,47,1.54
482,kjopsvik,NO,2020-04-11 22:25:32,68.1,16.37,30.09,74,100,11.41
483,port macquarie,AU,2020-04-11 22:21:43,-31.43,152.92,57.2,50,0,5.82
484,koson,UZ,2020-04-11 22:25:32,39.04,65.58,60.8,82,40,9.17
485,baoying,CN,2020-04-11 22:25:32,33.23,119.31,44.19,63,18,12.28
486,niimi,JP,2020-04-11 22:25:32,34.98,133.47,45.41,93,75,9.17
487,turan,VN,2020-04-11 22:25:32,16.07,108.22,78.8,88,40,5.82
488,bonavista,CA,2020-04-11 22:25:32,48.65,-53.11,35.01,80,25,13.0
489,harqalah,TN,2020-04-11 22:25:32,36.03,10.51,60.58,82,1,2.24
490,nizamabad,IN,2020-04-11 22:25:32,18.67,78.12,79.5,23,0,5.23
491,miri,MY,2020-04-11 22:25:32,4.41,114.01,76.06,100,75,2.24
492,berbesti,RO,2020-04-11 22:25:32,44.98,23.88,49.41,55,70,1.41
493,thayetmyo,MM,2020-04-11 22:25:32,19.32,95.18,75.74,64,76,2.04
494,antofagasta,CL,2020-04-11 22:25:32,-23.65,-70.4,66.2,72,40,11.41
495,kemijarvi,FI,2020-04-11 22:25:32,66.71,27.43,20.53,95,50,5.75
496,maputo,MZ,2020-04-11 22:20:52,-25.97,32.59,75.2,83,0,10.29
497,glen burnie,US,2020-04-11 22:22:55,39.16,-76.62,60.13,25,40,12.75
498,intipuca,SV,2020-04-11 22:25:33,13.2,-88.05,93.2,63,40,8.05
499,sao joao da barra,BR,2020-04-11 22:24:55,-21.64,-41.05,71.6,94,90,14.99
500,ulladulla,AU,2020-04-11 22:21:49,-35.35,150.47,46.72,57,0,12.75
501,kalangala,UG,2020-04-11 22:25:33,-0.31,32.23,73.67,53,85,10.56
502,san cristobal,VE,2020-04-11 22:25:33,7.77,-72.22,91.4,43,40,20.8
503,saldanha,ZA,2020-04-11 22:25:33,-33.01,17.94,62.6,88,98,12.75
504,vabalninkas,LT,2020-04-11 22:25:33,55.97,24.75,38.79,72,69,6.06
505,chiang klang,TH,2020-04-11 22:25:33,19.29,100.86,77.47,45,35,1.95
506,sheltozero,RU,2020-04-11 22:25:33,61.37,35.37,30.69,90,0,8.81
507,nyagan,RU,2020-04-11 22:25:33,62.14,65.39,34.54,93,100,1.59
508,seoul,KR,2020-04-11 22:21:13,37.57,126.98,36.23,93,1,2.68
509,kimberley,ZA,2020-04-11 22:25:33,-28.73,24.76,69.8,73,22,11.41
510,inongo,CD,2020-04-11 22:25:33,-1.95,18.27,74.61,85,98,2.77
511,valentin gomez farias,MX,2020-04-11 22:25:33,28.22,-106.58,81.0,10,0,17.0
512,xam nua,LA,2020-04-11 22:25:33,20.42,104.04,64.85,72,56,3.36
513,port blair,IN,2020-04-11 22:22:09,11.67,92.75,82.06,72,63,7.29
514,les cayes,HT,2020-04-11 22:25:43,18.2,-73.75,83.07,72,69,5.99
515,soe,ID,2020-04-11 22:25:07,-9.86,124.28,64.96,82,75,1.74
516,surab,PK,2020-04-11 22:25:43,28.49,66.26,65.86,23,66,4.54
517,mbekenyera,TZ,2020-04-11 22:25:43,-10.0,38.98,72.39,85,100,3.51
518,kieta,PG,2020-04-11 22:25:44,-6.22,155.63,81.34,77,92,2.64
519,avera,US,2020-04-11 22:25:44,33.19,-82.53,73.38,31,1,5.82
520,dzaoudzi,YT,2020-04-11 22:25:44,-12.79,45.27,82.4,78,31,5.82
521,makokou,GA,2020-04-11 22:25:44,0.57,12.86,69.67,84,100,4.56
522,kamenka,RU,2020-04-11 22:25:44,51.32,42.77,34.0,84,80,11.48
523,sao felix do xingu,BR,2020-04-11 22:25:44,-6.64,-51.99,79.12,88,69,0.63
524,pudozh,RU,2020-04-11 22:25:44,61.81,36.53,26.06,92,0,1.86
525,lavrentiya,RU,2020-04-11 22:25:44,65.58,-171.0,31.35,98,94,11.3
526,srandakan,ID,2020-04-11 22:25:44,-7.94,110.25,78.01,78,92,2.53
527,trelew,AR,2020-04-11 22:23:14,-43.25,-65.31,63.46,27,0,14.85
528,temirgoyevskaya,RU,2020-04-11 22:25:44,45.11,40.28,40.51,69,73,8.03
529,arkhara,RU,2020-04-11 22:25:44,49.42,130.08,36.52,79,0,3.06
530,hohhot,CN,2020-04-11 22:25:44,40.81,111.65,21.2,48,0,2.24
531,strelka,RU,2020-04-11 22:25:44,58.07,93.03,29.77,96,0,3.27
532,sedhiou,SN,2020-04-11 22:25:44,12.71,-15.56,89.6,49,6,9.17
533,agadez,NE,2020-04-11 22:25:44,19.75,10.25,81.36,14,46,5.46
534,morondava,MG,2020-04-11 22:25:44,-20.28,44.28,78.42,80,100,6.76
535,paamiut,GL,2020-04-11 22:23:52,61.99,-49.67,35.24,86,100,2.39
536,acapulco,MX,2020-04-11 22:25:44,16.86,-99.89,84.2,74,40,9.17
537,vila velha,BR,2020-04-11 22:25:44,-20.33,-40.29,76.48,83,90,9.17
538,harbour breton,CA,2020-04-11 22:25:44,47.48,-55.8,33.01,92,92,22.26
539,rabat,MA,2020-04-11 22:25:44,33.99,-6.84,62.8,88,75,9.17
540,champerico,GT,2020-04-11 22:25:44,14.3,-91.92,95.0,50,40,13.87
541,pastavy,BY,2020-04-11 22:25:45,55.12,26.83,36.9,70,57,5.7
542,ust-ilimsk,RU,2020-04-11 22:25:45,58.0,102.66,27.75,95,0,2.08
543,zhuanghe,CN,2020-04-11 22:25:45,39.7,122.99,52.0,28,0,5.01
544,durania,CO,2020-04-11 22:25:45,7.71,-72.66,91.4,43,40,20.8
545,nadym,RU,2020-04-11 22:25:45,65.53,72.52,20.21,95,100,10.09
546,conakry,GN,2020-04-11 22:25:45,9.54,-13.68,81.68,83,70,9.31
547,kheda,IN,2020-04-11 22:25:45,22.75,72.68,77.0,57,6,3.36
548,dublyany,UA,2020-04-11 22:25:45,49.9,24.09,44.6,33,0,6.71
549,sawai madhopur,IN,2020-04-11 22:25:45,25.98,76.37,82.99,22,29,8.7
550,napoleon,US,2020-04-11 22:25:45,41.39,-84.13,57.83,43,20,12.75
551,pingliang,CN,2020-04-11 22:25:45,35.54,106.69,37.22,37,0,2.13
552,mananara,MG,2020-04-11 22:25:45,-16.17,49.77,76.5,82,23,8.75
553,kawalu,ID,2020-04-11 22:25:45,-7.38,108.21,72.54,79,12,1.36
554,zemio,CF,2020-04-11 22:25:45,5.03,25.14,71.58,80,100,0.98
555,marfino,RU,2020-04-11 22:25:45,55.7,37.38,29.17,79,1,8.95
556,semey,KZ,2020-04-11 22:25:45,50.41,80.23,38.3,68,58,4.81
557,wladyslawowo,PL,2020-04-11 22:25:45,54.79,18.4,46.69,39,100,5.82
558,ancud,CL,2020-04-11 22:25:45,-41.87,-73.82,50.0,71,36,3.36
